printerManufacturer,printerModel,hasReplaceableCartridges,cartridgeManufacturer,cartridgePartNumber,cartridgeKind,cartridgeColor,yieldPages,sourceName,sourceUrl,verificationStatus,region,isGenuineOem,sourceType,evidenceType,evidence,verifiedAt
Xerox,Multifuncional en color Xerox® VersaLink® C405,true,Xerox,106R03530,toner,cyan,8000,Xerox official supplies (ES),https://www.xerox.es/es-es/supplies-and-accessories/106R03530,verified,ES,true,official-manufacturer,explicit-compatibility,"{""sku"":""106R03530"",""description"":""VersaLink C400/C405 cartucho de tóner cian de capacidad máxima (8000 páginas)"",""genuineStatement"":""VersaLink C400/C405 cartucho de tóner cian de capacidad máxima (8000 páginas) ha sido especialmente formulado y probado para proporcionar la mejor calidad de imagen e impresión para el usuario, una página tras otra. Los consumibles originales y los equipos Xerox se complementan entre sí. No acepte imitaciones."",""compatibleWith"":""Multifuncional en color Xerox® VersaLink® C405"",""isConsumableFor"":[{""@type"":""Product"",""name"":""Multifuncional en color Xerox® VersaLink® C405"",""url"":""https://www.xerox.es/es-es/oficina/impresoras-multifuncion/versalink-c405""}]}",2026-10-09T10:03:06.126Z
Xerox,Impresora en color Xerox® VersaLink® C400,true,Xerox,106R03530,toner,cyan,8000,Xerox official supplies (ES),https://www.xerox.es/es-es/supplies-and-accessories/106R03530,verified,ES,true,official-manufacturer,explicit-compatibility,"{""sku"":""106R03530"",""description"":""VersaLink C400/C405 cartucho de tóner cian de capacidad máxima (8000 páginas)"",""genuineStatement"":""VersaLink C400/C405 cartucho de tóner cian de capacidad máxima (8000 páginas) ha sido especialmente formulado y probado para proporcionar la mejor calidad de imagen e impresión para el usuario, una página tras otra. Los consumibles originales y los equipos Xerox se complementan entre sí. No acepte imitaciones."",""compatibleWith"":""Impresora en color Xerox® VersaLink® C400"",""isConsumableFor"":[{""@type"":""Product"",""name"":""Impresora en color Xerox® VersaLink® C400"",""url"":""https://www.xerox.es/es-es/oficina/impresoras/versalink-c400""}]}",2026-10-09T10:03:06.126Z
Xerox,Multifuncional en color Xerox® VersaLink® C405,true,Xerox,106R03500,toner,black,2500,Xerox official supplies (ES),https://www.xerox.es/es-es/supplies-and-accessories/106R03500,verified,ES,true,official-manufacturer,explicit-compatibility,"{""sku"":""106R03500"",""description"":""VersaLink C400/C405 cartucho de tóner negro de capacidad normal (2500 páginas)"",""genuineStatement"":""VersaLink C400/C405 cartucho de tóner negro de capacidad normal (2500 páginas) ha sido especialmente formulado y probado para proporcionar la mejor calidad de imagen e impresión para el usuario, una página tras otra. Los consumibles originales y los equipos Xerox se complementan entre sí. No acepte imitaciones."",""compatibleWith"":""Multifuncional en color Xerox® VersaLink® C405"",""isConsumableFor"":[{""@type"":""Product"",""name"":""Multifuncional en color Xerox® VersaLink® C405"",""url"":""https://www.xerox.es/es-es/oficina/impresoras-multifuncion/versalink-c405""}]}",2026-10-09T10:03:16.939Z
Xerox,Impresora en color Xerox® VersaLink® C400,true,Xerox,106R03500,toner,black,2500,Xerox official supplies (ES),https://www.xerox.es/es-es/supplies-and-accessories/106R03500,verified,ES,true,official-manufacturer,explicit-compatibility,"{""sku"":""106R03500"",""description"":""VersaLink C400/C405 cartucho de tóner negro de capacidad normal (2500 páginas)"",""genuineStatement"":""VersaLink C400/C405 cartucho de tóner negro de capacidad normal (2500 páginas) ha sido especialmente formulado y probado para proporcionar la mejor calidad de imagen e impresión para el usuario, una página tras otra. Los consumibles originales y los equipos Xerox se complementan entre sí. No acepte imitaciones."",""compatibleWith"":""Impresora en color Xerox® VersaLink® C400"",""isConsumableFor"":[{""@type"":""Product"",""name"":""Impresora en color Xerox® VersaLink® C400"",""url"":""https://www.xerox.es/es-es/oficina/impresoras/versalink-c400""}]}",2026-10-09T10:03:16.939Z
Xerox,Multifuncional en color Xerox® VersaLink® C405,true,Xerox,106R03501,toner,yellow,2500,Xerox official supplies (ES),https://www.xerox.es/es-es/supplies-and-accessories/106R03501,verified,ES,true,official-manufacturer,explicit-compatibility,"{""sku"":""106R03501"",""description"":""VersaLink C400/C405 cartucho de tóner amarillo de capacidad normal (2500 páginas)"",""genuineStatement"":""VersaLink C400/C405 cartucho de tóner amarillo de capacidad normal (2500 páginas) ha sido especialmente formulado y probado para proporcionar la mejor calidad de imagen e impresión para el usuario, una página tras otra. Los consumibles originales y los equipos Xerox se complementan entre sí. No acepte imitaciones."",""compatibleWith"":""Multifuncional en color Xerox® VersaLink® C405"",""isConsumableFor"":[{""@type"":""Product"",""name"":""Multifuncional en color Xerox® VersaLink® C405"",""url"":""https://www.xerox.es/es-es/oficina/impresoras-multifuncion/versalink-c405""}]}",2026-10-09T10:03:26.619Z
Xerox,Impresora en color Xerox® VersaLink® C400,true,Xerox,106R03501,toner,yellow,2500,Xerox official supplies (ES),https://www.xerox.es/es-es/supplies-and-accessories/106R03501,verified,ES,true,official-manufacturer,explicit-compatibility,"{""sku"":""106R03501"",""description"":""VersaLink C400/C405 cartucho de tóner amarillo de capacidad normal (2500 páginas)"",""genuineStatement"":""VersaLink C400/C405 cartucho de tóner amarillo de capacidad normal (2500 páginas) ha sido especialmente formulado y probado para proporcionar la mejor calidad de imagen e impresión para el usuario, una página tras otra. Los consumibles originales y los equipos Xerox se complementan entre sí. No acepte imitaciones."",""compatibleWith"":""Impresora en color Xerox® VersaLink® C400"",""isConsumableFor"":[{""@type"":""Product"",""name"":""Impresora en color Xerox® VersaLink® C400"",""url"":""https://www.xerox.es/es-es/oficina/impresoras/versalink-c400""}]}",2026-10-09T10:03:26.619Z
Xerox,Multifuncional en color Xerox® VersaLink® C405,true,Xerox,106R03502,toner,cyan,2500,Xerox official supplies (ES),https://www.xerox.es/es-es/supplies-and-accessories/106R03502,verified,ES,true,official-manufacturer,explicit-compatibility,"{""sku"":""106R03502"",""description"":""VersaLink C400/C405 cartucho de tóner cian de capacidad normal (2500 páginas)"",""genuineStatement"":""VersaLink C400/C405 cartucho de tóner cian de capacidad normal (2500 páginas) ha sido especialmente formulado y probado para proporcionar la mejor calidad de imagen e impresión para el usuario, una página tras otra. Los consumibles originales y los equipos Xerox se complementan entre sí. No acepte imitaciones."",""compatibleWith"":""Multifuncional en color Xerox® VersaLink® C405"",""isConsumableFor"":[{""@type"":""Product"",""name"":""Multifuncional en color Xerox® VersaLink® C405"",""url"":""https://www.xerox.es/es-es/oficina/impresoras-multifuncion/versalink-c405""}]}",2026-10-09T10:03:36.396Z
Xerox,Impresora en color Xerox® VersaLink® C400,true,Xerox,106R03502,toner,cyan,2500,Xerox official supplies (ES),https://www.xerox.es/es-es/supplies-and-accessories/106R03502,verified,ES,true,official-manufacturer,explicit-compatibility,"{""sku"":""106R03502"",""description"":""VersaLink C400/C405 cartucho de tóner cian de capacidad normal (2500 páginas)"",""genuineStatement"":""VersaLink C400/C405 cartucho de tóner cian de capacidad normal (2500 páginas) ha sido especialmente formulado y probado para proporcionar la mejor calidad de imagen e impresión para el usuario, una página tras otra. Los consumibles originales y los equipos Xerox se complementan entre sí. No acepte imitaciones."",""compatibleWith"":""Impresora en color Xerox® VersaLink® C400"",""isConsumableFor"":[{""@type"":""Product"",""name"":""Impresora en color Xerox® VersaLink® C400"",""url"":""https://www.xerox.es/es-es/oficina/impresoras/versalink-c400""}]}",2026-10-09T10:03:36.396Z
Xerox,Multifuncional en color Xerox® VersaLink® C405,true,Xerox,106R03503,toner,magenta,2500,Xerox official supplies (ES),https://www.xerox.es/es-es/supplies-and-accessories/106R03503,verified,ES,true,official-manufacturer,explicit-compatibility,"{""sku"":""106R03503"",""description"":""VersaLink C400/C405 cartucho de tóner magenta de capacidad normal (2500 páginas)"",""genuineStatement"":""VersaLink C400/C405 cartucho de tóner magenta de capacidad normal (2500 páginas) ha sido especialmente formulado y probado para proporcionar la mejor calidad de imagen e impresión para el usuario, una página tras otra. Los consumibles originales y los equipos Xerox se complementan entre sí. No acepte imitaciones."",""compatibleWith"":""Multifuncional en color Xerox® VersaLink® C405"",""isConsumableFor"":[{""@type"":""Product"",""name"":""Multifuncional en color Xerox® VersaLink® C405"",""url"":""https://www.xerox.es/es-es/oficina/impresoras-multifuncion/versalink-c405""}]}",2026-10-09T10:03:48.687Z
Xerox,Impresora en color Xerox® VersaLink® C400,true,Xerox,106R03503,toner,magenta,2500,Xerox official supplies (ES),https://www.xerox.es/es-es/supplies-and-accessories/106R03503,verified,ES,true,official-manufacturer,explicit-compatibility,"{""sku"":""106R03503"",""description"":""VersaLink C400/C405 cartucho de tóner magenta de capacidad normal (2500 páginas)"",""genuineStatement"":""VersaLink C400/C405 cartucho de tóner magenta de capacidad normal (2500 páginas) ha sido especialmente formulado y probado para proporcionar la mejor calidad de imagen e impresión para el usuario, una página tras otra. Los consumibles originales y los equipos Xerox se complementan entre sí. No acepte imitaciones."",""compatibleWith"":""Impresora en color Xerox® VersaLink® C400"",""isConsumableFor"":[{""@type"":""Product"",""name"":""Impresora en color Xerox® VersaLink® C400"",""url"":""https://www.xerox.es/es-es/oficina/impresoras/versalink-c400""}]}",2026-10-09T10:03:48.687Z
Xerox,Multifuncional en color Xerox® VersaLink® C405,true,Xerox,106R03516,toner,black,5000,Xerox official supplies (ES),https://www.xerox.es/es-es/supplies-and-accessories/106R03516,verified,ES,true,official-manufacturer,explicit-compatibility,"{""sku"":""106R03516"",""description"":""VersaLink C400/C405 cartucho de tóner negro de alta capacidad (5000 páginas)"",""genuineStatement"":""VersaLink C400/C405 cartucho de tóner negro de alta capacidad (5000 páginas) ha sido especialmente formulado y probado para proporcionar la mejor calidad de imagen e impresión para el usuario, una página tras otra. Los consumibles originales y los equipos Xerox se complementan entre sí. No acepte imitaciones."",""compatibleWith"":""Multifuncional en color Xerox® VersaLink® C405"",""isConsumableFor"":[{""@type"":""Product"",""name"":""Multifuncional en color Xerox® VersaLink® C405"",""url"":""https://www.xerox.es/es-es/oficina/impresoras-multifuncion/versalink-c405""}]}",2026-10-09T10:03:56.708Z
Xerox,Impresora en color Xerox® VersaLink® C400,true,Xerox,106R03516,toner,black,5000,Xerox official supplies (ES),https://www.xerox.es/es-es/supplies-and-accessories/106R03516,verified,ES,true,official-manufacturer,explicit-compatibility,"{""sku"":""106R03516"",""description"":""VersaLink C400/C405 cartucho de tóner negro de alta capacidad (5000 páginas)"",""genuineStatement"":""VersaLink C400/C405 cartucho de tóner negro de alta capacidad (5000 páginas) ha sido especialmente formulado y probado para proporcionar la mejor calidad de imagen e impresión para el usuario, una página tras otra. Los consumibles originales y los equipos Xerox se complementan entre sí. No acepte imitaciones."",""compatibleWith"":""Impresora en color Xerox® VersaLink® C400"",""isConsumableFor"":[{""@type"":""Product"",""name"":""Impresora en color Xerox® VersaLink® C400"",""url"":""https://www.xerox.es/es-es/oficina/impresoras/versalink-c400""}]}",2026-10-09T10:03:56.708Z
Xerox,Multifuncional en color Xerox® VersaLink® C405,true,Xerox,106R03517,toner,yellow,4800,Xerox official supplies (ES),https://www.xerox.es/es-es/supplies-and-accessories/106R03517,verified,ES,true,official-manufacturer,explicit-compatibility,"{""sku"":""106R03517"",""description"":""VersaLink C400/C405 cartucho de tóner amarillo de alta capacidad (4800 páginas)"",""genuineStatement"":""VersaLink C400/C405 cartucho de tóner amarillo de alta capacidad (4800 páginas) ha sido especialmente formulado y probado para proporcionar la mejor calidad de imagen e impresión para el usuario, una página tras otra. Los consumibles originales y los equipos Xerox se complementan entre sí. No acepte imitaciones."",""compatibleWith"":""Multifuncional en color Xerox® VersaLink® C405"",""isConsumableFor"":[{""@type"":""Product"",""name"":""Multifuncional en color Xerox® VersaLink® C405"",""url"":""https://www.xerox.es/es-es/oficina/impresoras-multifuncion/versalink-c405""}]}",2026-10-09T10:04:06.199Z
Xerox,Impresora en color Xerox® VersaLink® C400,true,Xerox,106R03517,toner,yellow,4800,Xerox official supplies (ES),https://www.xerox.es/es-es/supplies-and-accessories/106R03517,verified,ES,true,official-manufacturer,explicit-compatibility,"{""sku"":""106R03517"",""description"":""VersaLink C400/C405 cartucho de tóner amarillo de alta capacidad (4800 páginas)"",""genuineStatement"":""VersaLink C400/C405 cartucho de tóner amarillo de alta capacidad (4800 páginas) ha sido especialmente formulado y probado para proporcionar la mejor calidad de imagen e impresión para el usuario, una página tras otra. Los consumibles originales y los equipos Xerox se complementan entre sí. No acepte imitaciones."",""compatibleWith"":""Impresora en color Xerox® VersaLink® C400"",""isConsumableFor"":[{""@type"":""Product"",""name"":""Impresora en color Xerox® VersaLink® C400"",""url"":""https://www.xerox.es/es-es/oficina/impresoras/versalink-c400""}]}",2026-10-09T10:04:06.199Z
Xerox,Multifuncional en color Xerox® VersaLink® C405,true,Xerox,106R03518,toner,cyan,4800,Xerox official supplies (ES),https://www.xerox.es/es-es/supplies-and-accessories/106R03518,verified,ES,true,official-manufacturer,explicit-compatibility,"{""sku"":""106R03518"",""description"":""VersaLink C400/C405 cartucho de tóner cian de alta capacidad (4800 páginas)"",""genuineStatement"":""VersaLink C400/C405 cartucho de tóner cian de alta capacidad (4800 páginas) ha sido especialmente formulado y probado para proporcionar la mejor calidad de imagen e impresión para el usuario, una página tras otra. Los consumibles originales y los equipos Xerox se complementan entre sí. No acepte imitaciones."",""compatibleWith"":""Multifuncional en color Xerox® VersaLink® C405"",""isConsumableFor"":[{""@type"":""Product"",""name"":""Multifuncional en color Xerox® VersaLink® C405"",""url"":""https://www.xerox.es/es-es/oficina/impresoras-multifuncion/versalink-c405""}]}",2026-10-09T10:04:16.899Z
Xerox,Impresora en color Xerox® VersaLink® C400,true,Xerox,106R03518,toner,cyan,4800,Xerox official supplies (ES),https://www.xerox.es/es-es/supplies-and-accessories/106R03518,verified,ES,true,official-manufacturer,explicit-compatibility,"{""sku"":""106R03518"",""description"":""VersaLink C400/C405 cartucho de tóner cian de alta capacidad (4800 páginas)"",""genuineStatement"":""VersaLink C400/C405 cartucho de tóner cian de alta capacidad (4800 páginas) ha sido especialmente formulado y probado para proporcionar la mejor calidad de imagen e impresión para el usuario, una página tras otra. Los consumibles originales y los equipos Xerox se complementan entre sí. No acepte imitaciones."",""compatibleWith"":""Impresora en color Xerox® VersaLink® C400"",""isConsumableFor"":[{""@type"":""Product"",""name"":""Impresora en color Xerox® VersaLink® C400"",""url"":""https://www.xerox.es/es-es/oficina/impresoras/versalink-c400""}]}",2026-10-09T10:04:16.899Z
Xerox,Multifuncional en color Xerox® VersaLink® C405,true,Xerox,106R03519,toner,magenta,4800,Xerox official supplies (ES),https://www.xerox.es/es-es/supplies-and-accessories/106R03519,verified,ES,true,official-manufacturer,explicit-compatibility,"{""sku"":""106R03519"",""description"":""VersaLink C400/C405 cartucho de tóner magenta de alta capacidad (4800 páginas)"",""genuineStatement"":""VersaLink C400/C405 cartucho de tóner magenta de alta capacidad (4800 páginas) ha sido especialmente formulado y probado para proporcionar la mejor calidad de imagen e impresión para el usuario, una página tras otra. Los consumibles originales y los equipos Xerox se complementan entre sí. No acepte imitaciones."",""compatibleWith"":""Multifuncional en color Xerox® VersaLink® C405"",""isConsumableFor"":[{""@type"":""Product"",""name"":""Multifuncional en color Xerox® VersaLink® C405"",""url"":""https://www.xerox.es/es-es/oficina/impresoras-multifuncion/versalink-c405""}]}",2026-10-09T10:04:26.347Z
Xerox,Impresora en color Xerox® VersaLink® C400,true,Xerox,106R03519,toner,magenta,4800,Xerox official supplies (ES),https://www.xerox.es/es-es/supplies-and-accessories/106R03519,verified,ES,true,official-manufacturer,explicit-compatibility,"{""sku"":""106R03519"",""description"":""VersaLink C400/C405 cartucho de tóner magenta de alta capacidad (4800 páginas)"",""genuineStatement"":""VersaLink C400/C405 cartucho de tóner magenta de alta capacidad (4800 páginas) ha sido especialmente formulado y probado para proporcionar la mejor calidad de imagen e impresión para el usuario, una página tras otra. Los consumibles originales y los equipos Xerox se complementan entre sí. No acepte imitaciones."",""compatibleWith"":""Impresora en color Xerox® VersaLink® C400"",""isConsumableFor"":[{""@type"":""Product"",""name"":""Impresora en color Xerox® VersaLink® C400"",""url"":""https://www.xerox.es/es-es/oficina/impresoras/versalink-c400""}]}",2026-10-09T10:04:26.347Z
Xerox,Multifuncional en color Xerox® VersaLink® C405,true,Xerox,106R03528,toner,black,10500,Xerox official supplies (ES),https://www.xerox.es/es-es/supplies-and-accessories/106R03528,verified,ES,true,official-manufacturer,explicit-compatibility,"{""sku"":""106R03528"",""description"":""VersaLink C400/C405 cartucho de tóner negro de capacidad máxima (10500 páginas)"",""genuineStatement"":""VersaLink C400/C405 cartucho de tóner negro de capacidad máxima (10500 páginas) ha sido especialmente formulado y probado para proporcionar la mejor calidad de imagen e impresión para el usuario, una página tras otra. Los consumibles originales y los equipos Xerox se complementan entre sí. No acepte imitaciones."",""compatibleWith"":""Multifuncional en color Xerox® VersaLink® C405"",""isConsumableFor"":[{""@type"":""Product"",""name"":""Multifuncional en color Xerox® VersaLink® C405"",""url"":""https://www.xerox.es/es-es/oficina/impresoras-multifuncion/versalink-c405""}]}",2026-10-09T10:04:36.877Z
Xerox,Impresora en color Xerox® VersaLink® C400,true,Xerox,106R03528,toner,black,10500,Xerox official supplies (ES),https://www.xerox.es/es-es/supplies-and-accessories/106R03528,verified,ES,true,official-manufacturer,explicit-compatibility,"{""sku"":""106R03528"",""description"":""VersaLink C400/C405 cartucho de tóner negro de capacidad máxima (10500 páginas)"",""genuineStatement"":""VersaLink C400/C405 cartucho de tóner negro de capacidad máxima (10500 páginas) ha sido especialmente formulado y probado para proporcionar la mejor calidad de imagen e impresión para el usuario, una página tras otra. Los consumibles originales y los equipos Xerox se complementan entre sí. No acepte imitaciones."",""compatibleWith"":""Impresora en color Xerox® VersaLink® C400"",""isConsumableFor"":[{""@type"":""Product"",""name"":""Impresora en color Xerox® VersaLink® C400"",""url"":""https://www.xerox.es/es-es/oficina/impresoras/versalink-c400""}]}",2026-10-09T10:04:36.877Z
Xerox,Multifuncional en color Xerox® VersaLink® C405,true,Xerox,106R03529,toner,yellow,8000,Xerox official supplies (ES),https://www.xerox.es/es-es/supplies-and-accessories/106R03529,verified,ES,true,official-manufacturer,explicit-compatibility,"{""sku"":""106R03529"",""description"":""VersaLink C400/C405 cartucho de tóner amarillo de capacidad máxima (8000 páginas)"",""genuineStatement"":""VersaLink C400/C405 cartucho de tóner amarillo de capacidad máxima (8000 páginas) ha sido especialmente formulado y probado para proporcionar la mejor calidad de imagen e impresión para el usuario, una página tras otra. Los consumibles originales y los equipos Xerox se complementan entre sí. No acepte imitaciones."",""compatibleWith"":""Multifuncional en color Xerox® VersaLink® C405"",""isConsumableFor"":[{""@type"":""Product"",""name"":""Multifuncional en color Xerox® VersaLink® C405"",""url"":""https://www.xerox.es/es-es/oficina/impresoras-multifuncion/versalink-c405""}]}",2026-10-09T10:04:47.464Z
Xerox,Impresora en color Xerox® VersaLink® C400,true,Xerox,106R03529,toner,yellow,8000,Xerox official supplies (ES),https://www.xerox.es/es-es/supplies-and-accessories/106R03529,verified,ES,true,official-manufacturer,explicit-compatibility,"{""sku"":""106R03529"",""description"":""VersaLink C400/C405 cartucho de tóner amarillo de capacidad máxima (8000 páginas)"",""genuineStatement"":""VersaLink C400/C405 cartucho de tóner amarillo de capacidad máxima (8000 páginas) ha sido especialmente formulado y probado para proporcionar la mejor calidad de imagen e impresión para el usuario, una página tras otra. Los consumibles originales y los equipos Xerox se complementan entre sí. No acepte imitaciones."",""compatibleWith"":""Impresora en color Xerox® VersaLink® C400"",""isConsumableFor"":[{""@type"":""Product"",""name"":""Impresora en color Xerox® VersaLink® C400"",""url"":""https://www.xerox.es/es-es/oficina/impresoras/versalink-c400""}]}",2026-10-09T10:04:47.464Z
Xerox,Multifuncional en color Xerox® VersaLink® C405,true,Xerox,106R03531,toner,magenta,8000,Xerox official supplies (ES),https://www.xerox.es/es-es/supplies-and-accessories/106R03531,verified,ES,true,official-manufacturer,explicit-compatibility,"{""sku"":""106R03531"",""description"":""VersaLink C400/C405 cartucho de tóner magenta de capacidad máxima (8000 páginas)"",""genuineStatement"":""VersaLink C400/C405 cartucho de tóner magenta de capacidad máxima (8000 páginas) ha sido especialmente formulado y probado para proporcionar la mejor calidad de imagen e impresión para el usuario, una página tras otra. Los consumibles originales y los equipos Xerox se complementan entre sí. No acepte imitaciones."",""compatibleWith"":""Multifuncional en color Xerox® VersaLink® C405"",""isConsumableFor"":[{""@type"":""Product"",""name"":""Multifuncional en color Xerox® VersaLink® C405"",""url"":""https://www.xerox.es/es-es/oficina/impresoras-multifuncion/versalink-c405""}]}",2026-10-09T10:04:56.498Z
Xerox,Impresora en color Xerox® VersaLink® C400,true,Xerox,106R03531,toner,magenta,8000,Xerox official supplies (ES),https://www.xerox.es/es-es/supplies-and-accessories/106R03531,verified,ES,true,official-manufacturer,explicit-compatibility,"{""sku"":""106R03531"",""description"":""VersaLink C400/C405 cartucho de tóner magenta de capacidad máxima (8000 páginas)"",""genuineStatement"":""VersaLink C400/C405 cartucho de tóner magenta de capacidad máxima (8000 páginas) ha sido especialmente formulado y probado para proporcionar la mejor calidad de imagen e impresión para el usuario, una página tras otra. Los consumibles originales y los equipos Xerox se complementan entre sí. No acepte imitaciones."",""compatibleWith"":""Impresora en color Xerox® VersaLink® C400"",""isConsumableFor"":[{""@type"":""Product"",""name"":""Impresora en color Xerox® VersaLink® C400"",""url"":""https://www.xerox.es/es-es/oficina/impresoras/versalink-c400""}]}",2026-10-09T10:04:56.498Z
